{"accuracy": 0.9958, "recall": 0.9663265306122449, "precision": 0.9905857740585774, "f1": 0.9783057851239669}