{"accuracy": 0.9963, "recall": 0.9693877551020408, "precision": 0.9926854754440961, "f1": 0.9808982963345378}