{"accuracy": 0.996, "recall": 0.9663265306122449, "precision": 0.9926624737945493, "f1": 0.9793174767321614}